filename,barcode,index1,index2
Mitra_WTHyPB_plus_SRT1_SIC0100_CACAGCGCGA_S7_L001_R1_001.fastq.gz,GCA,CACAGCGCGA,
Mitra_WTHyPB_plus_SRT2_SIC099_ACGCCCAGCA_S8_L001_R1_001.fastq.gz,TGC,ACGCCCAGCA,
Mitra_WTHyPB_plus_SRT3_SIC090_TCGGGTGCTA_S9_L001_R1_001.fastq.gz,CTA,TCGGGTGCTA,
Mitra_WTHyPB_plus_SRT4_SIC089_CACTCATCTA_S10_L001_R1_001.fastq.gz,GAT,CACTCATCTA,
Mitra_WTHyPB_plus_SRT5_SIC088_GTTATCGGAA_S11_L001_R1_001.fastq.gz,TAG,GTTATCGGAA,
Mitra_WTHyPB_plus_SRT6_SIC087_CGTTGCCCGA_S12_L001_R1_001.fastq.gz,ACG,CGTTGCCCGA,
Mitra_WTHyPB_plus_SRT7_SIC086_AGCCCAACTA_S13_L001_R1_001.fastq.gz,ATC,AGCCCAACTA,
Mitra_WTHyPB_plus_SRT8_SIC085_GGACTGGGTA_S14_L001_R1_001.fastq.gz,CGT,GGACTGGGTA,
Mitra_WTHyPB_plus_SRT9_SIC084_GCTACATGTA_S15_L001_R1_001.fastq.gz,TGC,GCTACATGTA,
Mitra_WTHyPB_plus_SRT10_SIC083_CTAGGTGGAA_S16_L001_R1_001.fastq.gz,GCA,CTAGGTGGAA,
Mitra_WTHyPB_plus_SRT11_SIC082_TATGTACAAA_S17_L001_R1_001.fastq.gz,CTA,TATGTACAAA,
Mitra_WTHyPB_plus_SRT12_SIC081_CGTTACACAA_S18_L001_R1_001.fastq.gz,GAT,CGTTACACAA,
